{
  "base": "EUR",
  "date": "2017-07-26",
  "rates": {
	"AUD": 1.4717,
	"BGN": 1.9558,
	"BRL": 3.6806,
	"CAD": 1.4576,
	"CHF": 1.1152,
	"CNY": 7.8646,
	"CZK": 26.047,
	"DKK": 7.4368,
	"GBP": 0.89275,
	"HKD": 9.0959,
	"HRK": 7.4128,
	"HUF": 305.57,
	"IDR": 15507.0,
	"ILS": 4.1569,
	"INR": 74.938,
	"JPY": 130.26,
	"KRW": 1303.9,
	"MXN": 20.664,
	"MYR": 4.9889,
	"NOK": 9.2893,
	"NZD": 1.5678,
	"PHP": 58.948,
	"PLN": 4.2613,
	"RON": 4.5632,
	"RUB": 69.705,
	"SEK": 9.5705,
	"SGD": 1.585,
	"THB": 38.996,
	"TRY": 4.1406,
	"USD": 1.1644,
	"ZAR": 15.2
  }
}